{"count":1,"self":862.479872,"total":3091.0778338,"children":{"InitializeActuators":{"count":1,"self":0.0030001999999999997,"total":0.0030001999999999997,"children":null},"InitializeSensors":{"count":1,"self":0.0050011,"total":0.0050011,"children":null},"AgentSendState":{"count":1500017,"self":43.455974399999995,"total":90.3845571,"children":{"CollectObservations":{"count":500006,"self":1.9662891999999998,"total":1.9662891,"children":null},"WriteActionMask":{"count":500006,"self":1.4373519,"total":1.4373519,"children":null},"RequestDecision":{"count":500006,"self":6.2671183999999993,"total":43.5249431,"children":{"AgentInfo.ToProto":{"count":500006,"self":4.8030143999999995,"total":37.2578246,"children":{"GenerateSensorData":{"count":500006,"self":28.083193599999998,"total":32.45481,"children":{"RayPerceptionSensor.Perceive":{"count":500006,"self":4.3716168,"total":4.3716168999999994,"children":null}}}}}}}}},"DecideAction":{"count":1500017,"self":2131.5080192,"total":2131.5079311,"children":null},"AgentAct":{"count":1500017,"self":6.5094056,"total":6.5094055,"children":null},"AgentInfo.ToProto":{"count":2095,"self":0.0260041,"total":0.1860349,"children":{"GenerateSensorData":{"count":2095,"self":0.14402769999999998,"total":0.1600308,"children":{"RayPerceptionSensor.Perceive":{"count":2095,"self":0.0160031,"total":0.0160031,"children":null}}}}}},"gauges":{"PlayerAgent.CumulativeReward":{"count":2095,"max":860,"min":-1,"runningAverage":9.005726,"value":82,"weightedAverage":61.84209}},"metadata":{"timer_format_version":"0.1.0","start_time_seconds":"1651040989","unity_version":"2019.4.36f1","command_line_arguments":"C:\\Program Files\\Unity\\2019.4.36f1\\Editor\\Unity.exe -projectpath D:\/repo\/wave -useHub -hubIPC -cloudEnvironment production -hubSessionId 9a3fc660-c5eb-11ec-9810-f9a0f4907485","communication_protocol_version":"1.5.0","com.unity.ml-agents_version":"2.1.0-exp.1","scene_name":"MainScene","end_time_seconds":"1651044080"}}