{"count":1,"self":26.3198992,"total":116.0500307,"children":{"InitializeActuators":{"count":1,"self":0.0040011,"total":0.0040011,"children":null},"InitializeSensors":{"count":1,"self":0.0050015,"total":0.0050015,"children":null},"AgentSendState":{"count":19584,"self":0.8440633,"total":3.0685997,"children":{"CollectObservations":{"count":19584,"self":0.11596559999999999,"total":0.11596559999999999,"children":null},"WriteActionMask":{"count":19584,"self":0.070018799999999992,"total":0.070018799999999992,"children":null},"RequestDecision":{"count":19584,"self":0.32993459999999997,"total":2.0385519999999997,"children":{"AgentInfo.ToProto":{"count":19584,"self":0.2391121,"total":1.7086173999999998,"children":{"GenerateSensorData":{"count":19584,"self":1.3454608,"total":1.4695053,"children":{"RayPerceptionSensor.Perceive":{"count":19584,"self":0.12404449999999999,"total":0.12404449999999999,"children":null}}}}}}}}},"DecideAction":{"count":19584,"self":86.5145088,"total":86.514511099999993,"children":null},"AgentAct":{"count":19584,"self":0.1350182,"total":0.1350182,"children":null}},"gauges":{},"metadata":{"timer_format_version":"0.1.0","start_time_seconds":"1649221211","unity_version":"2019.4.36f1","command_line_arguments":"C:\\Program Files\\Unity\\2019.4.36f1\\Editor\\Unity.exe -projectpath D:\/repo\/wave -useHub -hubIPC -cloudEnvironment production -hubSessionId 34469ba0-b54b-11ec-a34a-2903ddca2936 -accessToken cBer0XWTuDV6GWr0hI1tYZRD4h_3Glvuty66n22kNKw011f","communication_protocol_version":"1.5.0","com.unity.ml-agents_version":"2.1.0-exp.1","scene_name":"MainScene","end_time_seconds":"1649221327"}}