{"count":1,"self":43.604150399999995,"total":73.1453497,"children":{"InitializeActuators":{"count":78,"self":0.0050016,"total":0.0050016,"children":null},"InitializeSensors":{"count":78,"self":0.0100045,"total":0.0100045,"children":null},"AgentSendState":{"count":19517,"self":0.1870433,"total":0.54313559999999994,"children":{"CollectObservations":{"count":3904,"self":0.023000899999999998,"total":0.023000899999999998,"children":null},"WriteActionMask":{"count":3904,"self":0.0130093,"total":0.0130093,"children":null},"RequestDecision":{"count":3904,"self":0.095024799999999993,"total":0.3200821,"children":{"AgentInfo.ToProto":{"count":3904,"self":0.0340126,"total":0.2250573,"children":{"GenerateSensorData":{"count":3904,"self":0.19104469999999998,"total":0.19104469999999998,"children":null}}}}}}},"DecideAction":{"count":19517,"self":28.843007999999998,"total":28.843009499999997,"children":null},"AgentAct":{"count":19517,"self":0.1310451,"total":0.1310451,"children":null},"AgentInfo.ToProto":{"count":144,"self":0.002003,"total":0.0060037,"children":{"GenerateSensorData":{"count":144,"self":0.0040006999999999994,"total":0.0040006999999999994,"children":null}}}},"gauges":{"PlayerAgent.CumulativeReward":{"count":77,"max":-12.999999,"min":-20.0000019,"runningAverage":-14.7766228,"value":-13.2999992,"weightedAverage":-14.0043793}},"metadata":{"timer_format_version":"0.1.0","start_time_seconds":"1648095036","unity_version":"2019.4.36f1","command_line_arguments":"C:\\Program Files\\Unity\\2019.4.36f1\\Editor\\Unity.exe -projectpath D:\/repo\/wave -useHub -hubIPC -cloudEnvironment production -hubSessionId f6313750-ab1b-11ec-b57c-1dbca171ac78 -accessToken vFMBCA114MIwQa_Avb75zo1f6hmf2J97QWPkw_A3J1U011f","communication_protocol_version":"1.5.0","com.unity.ml-agents_version":"2.1.0-exp.1","scene_name":"MainScene","end_time_seconds":"1648095109"}}