{"count":1,"self":44.5196768,"total":45.115819699999996,"children":{"InitializeActuators":{"count":1,"self":0.0040003999999999994,"total":0.0040003999999999994,"children":null},"InitializeSensors":{"count":1,"self":0.0060012,"total":0.0060012,"children":null},"AgentSendState":{"count":1675,"self":0.085058299999999989,"total":0.11906549999999999,"children":{"CollectObservations":{"count":559,"self":0.0010000999999999999,"total":0.0010000999999999999,"children":null},"WriteActionMask":{"count":559,"self":0.0010006,"total":0.0010006,"children":null},"RequestDecision":{"count":559,"self":0.0320065,"total":0.0320065,"children":null}}},"DecideAction":{"count":1675,"self":0.44107799999999997,"total":0.45008109999999996,"children":{"RayPerceptionSensor.Perceive":{"count":559,"self":0.0090031,"total":0.0090031,"children":null}}},"AgentAct":{"count":1675,"self":0.014994599999999999,"total":0.014994599999999999,"children":null}},"gauges":{},"metadata":{"timer_format_version":"0.1.0","start_time_seconds":"1653392002","unity_version":"2019.4.36f1","command_line_arguments":"C:\\Program Files\\Unity\\2019.4.36f1\\Editor\\Unity.exe -projectpath D:\/repo\/wave -useHub -hubIPC -cloudEnvironment production -hubSessionId 8357f170-db53-11ec-9b84-8f83d74b9d8c","communication_protocol_version":"1.5.0","com.unity.ml-agents_version":"2.1.0-exp.1","scene_name":"MainScene","end_time_seconds":"1653392047"}}