{"count":1,"self":64.449164799999991,"total":65.99537939999999,"children":{"InitializeActuators":{"count":1,"self":0.0040012,"total":0.0040012,"children":null},"InitializeSensors":{"count":1,"self":0.0060092999999999995,"total":0.0060092999999999995,"children":null},"AgentSendState":{"count":3038,"self":0.13001479999999999,"total":0.1780262,"children":{"CollectObservations":{"count":1013,"self":0.0060012999999999993,"total":0.0060012999999999993,"children":null},"WriteActionMask":{"count":1013,"self":0.0030007999999999996,"total":0.0030007999999999996,"children":null},"RequestDecision":{"count":1013,"self":0.0390093,"total":0.0390093,"children":null}}},"DecideAction":{"count":3038,"self":1.3201527,"total":1.3371690999999999,"children":{"RayPerceptionSensor.Perceive":{"count":1013,"self":0.017016399999999997,"total":0.017016399999999997,"children":null}}},"AgentAct":{"count":3038,"self":0.0200058,"total":0.0200058,"children":null}},"gauges":{"PlayerAgent.CumulativeReward":{"count":5,"max":14,"min":0,"runningAverage":3.6,"value":14,"weightedAverage":4.16796875}},"metadata":{"timer_format_version":"0.1.0","start_time_seconds":"1651038497","unity_version":"2019.4.36f1","command_line_arguments":"C:\\Program Files\\Unity\\2019.4.36f1\\Editor\\Unity.exe -projectpath D:\/repo\/wave -useHub -hubIPC -cloudEnvironment production -hubSessionId 9a3fc660-c5eb-11ec-9810-f9a0f4907485","communication_protocol_version":"1.5.0","com.unity.ml-agents_version":"2.1.0-exp.1","scene_name":"MainScene","end_time_seconds":"1651038563"}}
