{"count":1,"self":22.903734399999998,"total":56.5205487,"children":{"InitializeActuators":{"count":1,"self":0.0030004999999999997,"total":0.0030004999999999997,"children":null},"InitializeSensors":{"count":1,"self":0.0050006999999999994,"total":0.0050006999999999994,"children":null},"AgentSendState":{"count":36067,"self":0.61613509999999994,"total":1.4921632,"children":{"CollectObservations":{"count":7214,"self":0.031998399999999996,"total":0.031998399999999996,"children":null},"WriteActionMask":{"count":7214,"self":0.029007699999999997,"total":0.029007699999999997,"children":null},"RequestDecision":{"count":7214,"self":0.1329756,"total":0.81502199999999991,"children":{"AgentInfo.ToProto":{"count":7214,"self":0.08402069999999999,"total":0.68204639999999994,"children":{"GenerateSensorData":{"count":7214,"self":0.5410322,"total":0.5980257,"children":{"RayPerceptionSensor.Perceive":{"count":7214,"self":0.056993499999999996,"total":0.056993499999999996,"children":null}}}}}}}}},"DecideAction":{"count":36067,"self":31.8345792,"total":31.834580199999998,"children":null},"AgentAct":{"count":36067,"self":0.2720646,"total":0.2720646,"children":null},"AgentInfo.ToProto":{"count":129,"self":0.0009988,"total":0.0080035,"children":{"GenerateSensorData":{"count":129,"self":0.0070047,"total":0.0070047,"children":{"RayPerceptionSensor.Perceive":{"count":129,"self":0,"total":0,"children":null}}}}}},"gauges":{"PlayerAgent.CumulativeReward":{"count":129,"max":102.932991,"min":2.81152534,"runningAverage":17.5553684,"value":11.2273312,"weightedAverage":13.3413706}},"metadata":{"timer_format_version":"0.1.0","start_time_seconds":"1649751987","unity_version":"2019.4.36f1","command_line_arguments":"C:\\Program Files\\Unity\\2019.4.36f1\\Editor\\Unity.exe -projectpath D:\/repo\/wave -useHub -hubIPC -cloudEnvironment production -hubSessionId 3a2052d0-ba11-11ec-be8e-2f2d145e4bec -accessToken pBiNb2nOhpcY_Q9uiwoYCZtjiGYe_IEwuF8DFUb9Td8011f","communication_protocol_version":"1.5.0","com.unity.ml-agents_version":"2.1.0-exp.1","scene_name":"MainScene","end_time_seconds":"1649752043"}}