{"count":1,"self":9.1979464,"total":19.3581336,"children":{"InitializeActuators":{"count":1,"self":0.0030009999999999998,"total":0.0030009999999999998,"children":null},"InitializeSensors":{"count":1,"self":0.0050013,"total":0.0050013,"children":null},"AgentSendState":{"count":10234,"self":0.2840976,"total":0.6102014,"children":{"CollectObservations":{"count":2047,"self":0.0180081,"total":0.0180081,"children":null},"WriteActionMask":{"count":2047,"self":0.012002299999999999,"total":0.012002299999999999,"children":null},"RequestDecision":{"count":2047,"self":0.038013899999999996,"total":0.2960934,"children":{"AgentInfo.ToProto":{"count":2047,"self":0.0220047,"total":0.25807949999999996,"children":{"GenerateSensorData":{"count":2047,"self":0.20207029999999998,"total":0.2360748,"children":{"RayPerceptionSensor.Perceive":{"count":2047,"self":0.0340045,"total":0.0340045,"children":null}}}}}}}}},"DecideAction":{"count":10234,"self":9.4549632,"total":9.4549636,"children":null},"AgentAct":{"count":10234,"self":0.07901699999999999,"total":0.07901699999999999,"children":null},"AgentInfo.ToProto":{"count":44,"self":0.0010008999999999999,"total":0.0060019999999999995,"children":{"GenerateSensorData":{"count":44,"self":0.0040006999999999994,"total":0.0050011,"children":{"RayPerceptionSensor.Perceive":{"count":44,"self":0.0010004,"total":0.0010004,"children":null}}}}}},"gauges":{"PlayerAgent.CumulativeReward":{"count":44,"max":89.2706451,"min":0.483645678,"runningAverage":9.316906,"value":5.143753,"weightedAverage":8.4743}},"metadata":{"timer_format_version":"0.1.0","start_time_seconds":"1654071323","unity_version":"2019.4.36f1","command_line_arguments":"C:\\Program Files\\Unity\\2019.4.36f1\\Editor\\Unity.exe -projectpath D:\/repo\/wave -useHub -hubIPC -cloudEnvironment production -hubSessionId cc0242d0-e17b-11ec-b3c1-51c68fbe6157","communication_protocol_version":"1.5.0","com.unity.ml-agents_version":"2.1.0-exp.1","scene_name":"MainScene","end_time_seconds":"1654071343"}}