{
    "name": "root",
    "metadata": {
        "timer_format_version": "0.1.0",
        "start_time_seconds": "1649751978",
        "python_version": "3.9.9 (tags/v3.9.9:ccb0e6a, Nov 15 2021, 18:08:50) [MSC v.1929 64 bit (AMD64)]",
        "command_line_arguments": "c:\\users\\dennys\\appdata\\roaming\\python\\python39\\scripts\\mlagents-learn --run-id testrun2",
        "mlagents_version": "0.27.0",
        "mlagents_envs_version": "0.27.0",
        "communication_protocol_version": "1.5.0",
        "pytorch_version": "1.11.0+cpu",
        "numpy_version": "1.22.2",
        "end_time_seconds": "1649752043"
    },
    "total": 65.14607740000001,
    "count": 1,
    "self": 0.010165800000009995,
    "children": {
        "run_training.setup": {
            "total": 0.1869183999999997,
            "count": 1,
            "self": 0.1869183999999997
        },
        "TrainerController.start_learning": {
            "total": 64.9489932,
            "count": 1,
            "self": 0.17266790000002175,
            "children": {
                "TrainerController._reset_env": {
                    "total": 9.1591004,
                    "count": 1,
                    "self": 9.1591004
                },
                "TrainerController.advance": {
                    "total": 55.39230159999998,
                    "count": 7315,
                    "self": 0.16171380000014324,
                    "children": {
                        "env_step": {
                            "total": 54.33540029999976,
                            "count": 7315,
                            "self": 45.98995530000034,
                            "children": {
                                "SubprocessEnvManager._take_step": {
                                    "total": 8.230645299999583,
                                    "count": 7315,
                                    "self": 0.43152099999956306,
                                    "children": {
                                        "TorchPolicy.evaluate": {
                                            "total": 7.79912430000002,
                                            "count": 7211,
                                            "self": 2.238185300000442,
                                            "children": {
                                                "TorchPolicy.sample_actions": {
                                                    "total": 5.560938999999578,
                                                    "count": 7211,
                                                    "self": 5.560938999999578
                                                }
                                            }
                                        }
                                    }
                                },
                                "workers": {
                                    "total": 0.11479969999983908,
                                    "count": 7314,
                                    "self": 0.0,
                                    "children": {
                                        "worker_root": {
                                            "total": 55.34470799999997,
                                            "count": 7314,
                                            "is_parallel": true,
                                            "self": 17.218308099999994,
                                            "children": {
                                                "steps_from_proto": {
                                                    "total": 0.0009253999999998541,
                                                    "count": 1,
                                                    "is_parallel": true,
                                                    "self": 0.00045369999999955724,
                                                    "children": {
                                                        "_process_rank_one_or_two_observation": {
                                                            "total": 0.0004717000000002969,
                                                            "count": 4,
                                                            "is_parallel": true,
                                                            "self": 0.0004717000000002969
                                                        }
                                                    }
                                                },
                                                "UnityEnvironment.step": {
                                                    "total": 38.125474499999974,
                                                    "count": 7314,
                                                    "is_parallel": true,
                                                    "self": 0.8314689000000968,
                                                    "children": {
                                                        "UnityEnvironment._generate_step_input": {
                                                            "total": 0.5776465000000801,
                                                            "count": 7314,
                                                            "is_parallel": true,
                                                            "self": 0.5776465000000801
                                                        },
                                                        "communicator.exchange": {
                                                            "total": 33.78567759999984,
                                                            "count": 7314,
                                                            "is_parallel": true,
                                                            "self": 33.78567759999984
                                                        },
                                                        "steps_from_proto": {
                                                            "total": 2.9306814999999595,
                                                            "count": 7314,
                                                            "is_parallel": true,
                                                            "self": 1.6709952000003518,
                                                            "children": {
                                                                "_process_rank_one_or_two_observation": {
                                                                    "total": 1.2596862999996077,
                                                                    "count": 29256,
                                                                    "is_parallel": true,
                                                                    "self": 1.2596862999996077
                                                                }
                                                            }
                                                        }
                                                    }
                                                }
                                            }
                                        }
                                    }
                                }
                            }
                        },
                        "trainer_advance": {
                            "total": 0.8951875000000769,
                            "count": 7314,
                            "self": 0.18279080000000114,
                            "children": {
                                "process_trajectory": {
                                    "total": 0.7123967000000757,
                                    "count": 7314,
                                    "self": 0.7123967000000757
                                }
                            }
                        }
                    }
                },